body,body_name,in_vat_basis_csv,vat_basis,vat_basis_source,vat_wording_page,vat_wording_file,amount_column_header,threshold_stated,newest_file_period,page_url,newest_file_url,bank_amount_vat_basis,source_path,note
blackburn,Blackburn with Darwen,yes,net,file column header only,none found on either page,"column header ""Net Amount""; some rows carry Expenditure Category ""VAT ONLY Inputs"" with amount 0",Net Amount,over £500 (council page),April to July 2026,https://www.blackburn.gov.uk/financial/spending-publication,https://datashare.blackburn.gov.uk/sites/default/files/2026-08/Expenditure%202026-27%20April-July.csv,"no manifest field; listed in manifest columns but absent from every Parquet file; burnleycouncil#881 (adds amount_vat_basis to manifests) open, not merged, checked 4 Oct 2026","Fuel_Spend_work/phase0/vat_basis.csv (columns classification, classification_source, threshold_stated, vat_wording_page, vat_wording_file); fetched 4 Oct 2026",
blackpool,Blackpool,yes,gross,file column header only,"none found; page says it publishes ""name of the supplier, amount of spend and date the invoice was paid""","column headers ""Gross Value (detail)"" and ""Vat Amount""; some rows carry Expenditure Category ""VAT ADJUSTMENT""",Gross Value (detail),over £250,August 2026,https://www.blackpool.gov.uk/Your-Council/Transparency-and-open-data/Transparency-and-open-data.aspx,https://www.blackpool.gov.uk/Your-Council/Transparency-and-open-data/Documents/Spending/20262027/Transparency-spend-over-250-August-2026.csv,"no manifest field; listed in manifest columns but absent from every Parquet file; burnleycouncil#881 (adds amount_vat_basis to manifests) open, not merged, checked 4 Oct 2026","Fuel_Spend_work/phase0/vat_basis.csv (columns classification, classification_source, threshold_stated, vat_wording_page, vat_wording_file); fetched 4 Oct 2026","Bank amount is the council's Gross Value (detail) column, VAT inclusive: July 2026 file gross and bank amount both 178698021.92, gross less Vat Amount 174002548.83 (Fuel_Spend_work/phase0/BLACKPOOL_VAT_EVIDENCE.md, table 'Measure (July 2026)')."
burnley,Burnley,yes,unknown,page returned 403 Forbidden,page not reachable (HTTP 403),not read,unknown,unknown,,https://burnley.gov.uk/council-democracy/finance-performance/transparency/council-spending/,,"no manifest field; not in manifest columns; burnleycouncil#881 (adds amount_vat_basis to manifests) open, not merged, checked 4 Oct 2026","Fuel_Spend_work/phase0/vat_basis.csv (columns classification, classification_source, threshold_stated, vat_wording_page, vat_wording_file); fetched 4 Oct 2026",
chorley,Chorley,yes,net,council page statement,"""For data protection reasons some personal data will be excluded from the information published as will VAT.""","columns ""Amount"" and ""Original Vat Amount""",Amount,over £500,"August 2026 (file title ""CBC Transparency Period 5"")",https://chorley.gov.uk/council-spending/Council-spending-and-payments-to-suppliers,https://chorley.gov.uk/downloads/file/1923/august-2026-csv,"no bank; burnleycouncil#881 (adds amount_vat_basis to manifests) open, not merged, checked 4 Oct 2026","Fuel_Spend_work/phase0/vat_basis.csv (columns classification, classification_source, threshold_stated, vat_wording_page, vat_wording_file); fetched 4 Oct 2026",
fylde,Fylde,yes,unknown,no wording on page or in file,none found,none found,AMOUNT,over £500,June 2026,https://new.fylde.gov.uk/council/finance/council-spending-over-500/,https://new.fylde.gov.uk/wp-content/uploads/2026/07/June-2026-500-Transparency-Excel-Extract.xls,"no manifest field; not in manifest columns; burnleycouncil#881 (adds amount_vat_basis to manifests) open, not merged, checked 4 Oct 2026","Fuel_Spend_work/phase0/vat_basis.csv (columns classification, classification_source, threshold_stated, vat_wording_page, vat_wording_file); fetched 4 Oct 2026",
hyndburn,Hyndburn,yes,unknown,no wording that applies to the spending files,"none for spending; the transparency page says ""net amount excluding recoverable VAT"" only for invitations to tender over £5,000","none in header; some rows are described ""VAT on Proffesional Services""",Amount Paid,"over £250 (download page); link text on transparency page says ""Expenditure over £500""",July 2026,https://www.hyndburnbc.gov.uk/local-government-transparency-code-2/,https://www.hyndburnbc.gov.uk/download/expenditure-over-250-2/?wpdmdl=44201&ind=1786015687713&refresh=7221a81f&filename=July-26.csv,"no manifest field; not in manifest columns; burnleycouncil#881 (adds amount_vat_basis to manifests) open, not merged, checked 4 Oct 2026","Fuel_Spend_work/phase0/vat_basis.csv (columns classification, classification_source, threshold_stated, vat_wording_page, vat_wording_file); fetched 4 Oct 2026",
lancashire_cc,Lancashire County Council,yes,net,council page statement on amounts listed,"""Reports detailing payments to suppliers of over £250 (including VAT) are published""; ""We are required to list costs after VAT has been taken off.""",not read,unknown,"""over £250 (including VAT)""",,https://www.lancashire.gov.uk/council/transparency/published-information/council-information/check-council-spending/payments-to-suppliers/,,"no manifest field; listed in manifest columns but absent from every Parquet file; burnleycouncil#881 (adds amount_vat_basis to manifests) open, not merged, checked 4 Oct 2026","Fuel_Spend_work/phase0/vat_basis.csv (columns classification, classification_source, threshold_stated, vat_wording_page, vat_wording_file); fetched 4 Oct 2026",Page says over 250 'including VAT' for the threshold and 'after VAT has been taken off' for amounts; classified net on the second (vat_basis.csv notes).
lancashire_fire,Lancashire Fire and Rescue,no,,,,,,,,,,"no bank; burnleycouncil#881 (adds amount_vat_basis to manifests) open, not merged, checked 4 Oct 2026",Fuel_Spend_work/phase0/vat_basis.csv,Not in vat_basis.csv (16 bodies; Fire was not checked). VAT basis and threshold not established; left blank. Needs the Fire authority's own page or file.
lancashire_pcc,Lancashire PCC,yes,unknown,no wording on page or in file,none found,"none found (ten monthly sheets, no notes sheet)",TOTAL,over £500,April 2024 to January 2025,https://www.lancashire-pcc.gov.uk/transparency/financial-information/spending-over-500/,https://www.lancashire-pcc.gov.uk/wp-content/uploads/2020/09/Apr-24-Jan-25.xlsx,"no manifest field; listed in manifest columns but absent from every Parquet file; burnleycouncil#881 (adds amount_vat_basis to manifests) open, not merged, checked 4 Oct 2026","Fuel_Spend_work/phase0/vat_basis.csv (columns classification, classification_source, threshold_stated, vat_wording_page, vat_wording_file); fetched 4 Oct 2026",
lancaster,Lancaster,yes,net,council page statement and file column header,"""We publish details of those items of spend over £500 (excluding VAT) made to suppliers for goods and services.""","title row ""Spend Over £500 All Values""; column header ""Net Amount (excluding VAT)""",Net Amount (excluding VAT),over £500 (excluding VAT),1 January 2026 to 31 March 2026,https://www.lancaster.gov.uk/the-council-and-democracy/local-government-transparency-code,https://www.lancaster.gov.uk/assets/attach/17917/Q4-500-Spend-Report-25-26.csv,"no manifest field; not in manifest columns; burnleycouncil#881 (adds amount_vat_basis to manifests) open, not merged, checked 4 Oct 2026","Fuel_Spend_work/phase0/vat_basis.csv (columns classification, classification_source, threshold_stated, vat_wording_page, vat_wording_file); fetched 4 Oct 2026",
pendle,Pendle,yes,net,council page statement and file column header,"""J. Net amount - this is the amount of the payment in £s. Please note that VAT is not included unless it is not recoverable."" and ""N. Irrecoverable VAT - this is the value of VAT that is not recoverable.""","columns ""Net Amount (J)"" and ""Irrecoverable VAT (N)""",Net Amount (J),over £500,July 2026,https://www.pendle.gov.uk/info/20094/data_protection_and_freedom_of_information/148/open_data/4,https://www.pendle.gov.uk/download/downloads/id/12830/july_2026.csv,"no manifest field; not in manifest columns; burnleycouncil#881 (adds amount_vat_basis to manifests) open, not merged, checked 4 Oct 2026","Fuel_Spend_work/phase0/vat_basis.csv (columns classification, classification_source, threshold_stated, vat_wording_page, vat_wording_file); fetched 4 Oct 2026",
preston,Preston,yes,unknown,no wording on page or in file,none found,none found,AMOUNT,over £250,April 2026,https://www.preston.gov.uk/councilspending,https://www.preston.gov.uk/media/25808/Transparency-Report-for-April-2026-excel-format/speadsheet/01_-_April_2026_-_Transparency_Report_-_EDITED.xlsx?m=1778680764097,"no manifest field; not in manifest columns; burnleycouncil#881 (adds amount_vat_basis to manifests) open, not merged, checked 4 Oct 2026","Fuel_Spend_work/phase0/vat_basis.csv (columns classification, classification_source, threshold_stated, vat_wording_page, vat_wording_file); fetched 4 Oct 2026",
ribble_valley,Ribble Valley,yes,unknown,no wording on page or in file,none found,none found,(15) Amount,over £250,August 2026,https://www.ribblevalley.gov.uk/council-spend/council-spend-1,https://www.ribblevalley.gov.uk/downloads/file/5433/august-2026,"no manifest field; not in manifest columns; burnleycouncil#881 (adds amount_vat_basis to manifests) open, not merged, checked 4 Oct 2026","Fuel_Spend_work/phase0/vat_basis.csv (columns classification, classification_source, threshold_stated, vat_wording_page, vat_wording_file); fetched 4 Oct 2026",
rossendale,Rossendale,yes,unknown,no wording on page or in file,none found,none found (sheets Revenue and Capital),Amount,not stated on the page,Q1 2026/27 (periods 1 to 3),https://www.rossendale.gov.uk/council/finance-information-corporate-spend,https://www.rossendale.gov.uk/downloads/file/19512/corporate-spend-q1-2026-27-xls,"no manifest field; not in manifest columns; burnleycouncil#881 (adds amount_vat_basis to manifests) open, not merged, checked 4 Oct 2026","Fuel_Spend_work/phase0/vat_basis.csv (columns classification, classification_source, threshold_stated, vat_wording_page, vat_wording_file); fetched 4 Oct 2026",
south_ribble,South Ribble,yes,net,council page statement,"""For data protection reasons some personal data will be excluded from the information published as will VAT.""","columns ""Amount"" and ""Original Vat Amount""",Amount,over £500,"August 2026 (file title ""SRBC Transparency Period 5"")",https://southribble.gov.uk/council-spending/council-spending-payments-suppliers,https://southribble.gov.uk/downloads/file/1319/august-2026-csv,"no manifest field; not in manifest columns; burnleycouncil#881 (adds amount_vat_basis to manifests) open, not merged, checked 4 Oct 2026","Fuel_Spend_work/phase0/vat_basis.csv (columns classification, classification_source, threshold_stated, vat_wording_page, vat_wording_file); fetched 4 Oct 2026",
west_lancashire,West Lancashire,yes,net,council page statement,"""The files below list payments to suppliers for goods and services over £500 excluding VAT.""",not read,unknown,over £500 excluding VAT,Q1 2026/27 (April to June 2026),https://www.westlancs.gov.uk/about-the-council/spending-strategies-performance/council-budget/spending-over-500.aspx,https://www.westlancs.gov.uk/media/548686/spending-reports-april-june-2026.csv,"no manifest field; not in manifest columns; burnleycouncil#881 (adds amount_vat_basis to manifests) open, not merged, checked 4 Oct 2026","Fuel_Spend_work/phase0/vat_basis.csv (columns classification, classification_source, threshold_stated, vat_wording_page, vat_wording_file); fetched 4 Oct 2026",
wyre,Wyre,yes,net,council page statement and file column header,"""These report list payments showing items of spend over £500.00 (excluding VAT) made by the council to suppliers and external bodies.""","columns ""Net Amount"" and ""Irrecoverable VAT""",Net Amount,over £500.00 (excluding VAT),July 2026,https://www.wyre.gov.uk/directory/15/directory-of-published-data/category/166,https://www.wyre.gov.uk/downloads/file/2518/spending-over-500-july-2026,"no manifest field; not in manifest columns; burnleycouncil#881 (adds amount_vat_basis to manifests) open, not merged, checked 4 Oct 2026","Fuel_Spend_work/phase0/vat_basis.csv (columns classification, classification_source, threshold_stated, vat_wording_page, vat_wording_file); fetched 4 Oct 2026",
