financial_year,category,applicant_as_recorded,bid_gbp,allocation_gbp,source_id,source_page,measure_note
2023/24,LCC,Burnley Music Centre,7500,7500,S57,1,Approved Appendix A allocation; not payment; scholarships excluded
2023/24,LCC,Lancashire County Library Service – Burnley District,5000,5000,S57,1,Approved Appendix A allocation; not payment; scholarships excluded; printed £5.000 interpreted as 5000 consistent with table total
2023/24,BBC,Burnley Schools Mental Wellbeing Project,6500,6500,S57,1,Approved Appendix A allocation; not payment; scholarships excluded
2023/24,BBC,Towneley Hall Museum Art Gallery and Museum,4000,4000,S57,1,Approved Appendix A allocation; not payment; scholarships excluded
2023/24,BBC,Wildflower Workshops and Surveys,2000,2000,S57,1,Approved Appendix A allocation; not payment; scholarships excluded
2023/24,Mechanics,Mechanics Theatre – HUG Burnley,4000,4000,S57,1,Approved Appendix A allocation; not payment; scholarships excluded
2023/24,Voluntary,"Restore, Revive and Reinvigorate the Burnley Empire",18884.56,1000,S57,2,Approved Appendix A allocation; not payment; scholarships excluded
2023/24,Voluntary,Burnley Film Makers,500,500,S57,2,Approved Appendix A allocation; not payment; scholarships excluded
2023/24,Voluntary,Burnley Orchestra,1200,1200,S57,2,Approved Appendix A allocation; not payment; scholarships excluded
2023/24,Voluntary,Burnley Civic Trust,748,800,S57,2,Approved Appendix A allocation; not payment; scholarships excluded; allocation exceeds recorded bid; both retained as printed
2023/24,Voluntary,Gawthorpe Textiles Collections,840,900,S57,2,Approved Appendix A allocation; not payment; scholarships excluded; allocation exceeds recorded bid; both retained as printed
2023/24,Voluntary,Mid Pennine Arts,1900,1000,S57,2,Approved Appendix A allocation; not payment; scholarships excluded
2023/24,Voluntary,Burnley Municipal Choir,3000,2000,S57,2,Approved Appendix A allocation; not payment; scholarships excluded
2023/24,Voluntary,NB (Individual),1200,0,S57,2,Approved Appendix A allocation; not payment; scholarships excluded; source Nil transcribed as zero
2023/24,Voluntary,Burnley Garrick Theatre Group,3000,2000,S57,2,Approved Appendix A allocation; not payment; scholarships excluded
2023/24,Voluntary,St Peter's Young Singers,500,600,S57,2,Approved Appendix A allocation; not payment; scholarships excluded; allocation exceeds recorded bid; both retained as printed
2024/25,LCC,Burnley Music Centre,6978.90,6978.90,S59,1,Approved Appendix A allocation; not payment; scholarships excluded
2024/25,LCC,Lancashire County Library Service – Burnley District,4721.10,4721.10,S59,1,Approved Appendix A allocation; not payment; scholarships excluded
2024/25,BBC,Burnley Words Festival 2025,5000,5000,S59,1,Approved Appendix A allocation; not payment; scholarships excluded
2024/25,BBC,Towneley Hall Museum Art Gallery Reimagined,6700,6700,S59,1,Approved Appendix A allocation; not payment; scholarships excluded
2024/25,Mechanics,Mechanics Theatre – Burnley Pride of Place Project,3600,3600,S59,1,Approved Appendix A allocation; not payment; scholarships excluded
2024/25,Voluntary,Burnley Film Makers,500,500,S59,2,Approved Appendix A allocation; not payment; scholarships excluded
2024/25,Voluntary,Burnley Light Opera Society,2000,1500,S59,2,Approved Appendix A allocation; not payment; scholarships excluded
2024/25,Voluntary,Burnley Orchestra,1200,1200,S59,2,Approved Appendix A allocation; not payment; scholarships excluded
2024/25,Voluntary,Mid Pennine Arts,1900,1300,S59,2,Approved Appendix A allocation; not payment; scholarships excluded
2024/25,Voluntary,Burnley Civic Trust,600,600,S59,2,Approved Appendix A allocation; not payment; scholarships excluded
2024/25,Voluntary,Burnley Municipal Choir,3000,1300,S59,2,Approved Appendix A allocation; not payment; scholarships excluded
2024/25,Voluntary,St Peter's Saturday Morning Concert,1400,1000,S59,2,Approved Appendix A allocation; not payment; scholarships excluded
2024/25,Voluntary,St Peter's Young Singers,600,600,S59,2,Approved Appendix A allocation; not payment; scholarships excluded
2024/25,Voluntary,Burnley Youth Theatre,2000,1000,S59,2,Approved Appendix A allocation; not payment; scholarships excluded
2025/26,LCC,Burnley Music Centre,6146.74,2000,S18,1,Appendix A allocation; not payment; scholarships excluded
2025/26,LCC,Lancashire County Library Service – Burnley District,4721.10,2000,S18,1,Appendix A allocation; not payment; scholarships excluded
2025/26,BBC,Towneley Hall Museum and Art Gallery,5000,4000,S18,1,Appendix A allocation; not payment; scholarships excluded
2025/26,Mechanics,Mechanics Theatre – Mechanics Programme Development,3000,3000,S18,1,Appendix A allocation; not payment; scholarships excluded
2025/26,Voluntary,352 (Burnley) Air Training Corps,4909,1250,S18,2,Appendix A allocation; not payment; scholarships excluded
2025/26,Voluntary,Burnley Film Makers,500,500,S18,2,Appendix A allocation; not payment; scholarships excluded
2025/26,Voluntary,Burnley Light Opera Society,3000,500,S18,2,Appendix A allocation; not payment; scholarships excluded
2025/26,Voluntary,Burnley Orchestra,1250,500,S18,2,Appendix A allocation; not payment; scholarships excluded
2025/26,Voluntary,Burnley Garrick Theatre,3125,500,S18,2,Appendix A allocation; not payment; scholarships excluded
2025/26,Voluntary,Mid Pennine Arts,2000,500,S18,2,Appendix A allocation; not payment; scholarships excluded
2025/26,Voluntary,Burnley Municipal Choir,2520,1250,S18,2,Appendix A allocation; not payment; scholarships excluded
2025/26,Voluntary,Sion Pantomime Society and Players,2000,500,S18,2,Appendix A allocation; not payment; scholarships excluded
2025/26,Voluntary,"St Peter’s Concerts, Burnley",1000,500,S18,2,Appendix A allocation; not payment; scholarships excluded
2025/26,Voluntary,"St Peter’s Young Singers, Burnley",800,500,S18,2,Appendix A allocation; not payment; scholarships excluded
2025/26,Voluntary,Burnley Youth Theatre,1500,500,S18,2,Appendix A allocation; not payment; scholarships excluded
2026/27,LCC,Burnley Music Centre,2500,2500,S20,1,Appendix A allocation; not payment; scholarships excluded
2026/27,LCC,Lancashire County Library Service – Burnley District,2500,2500,S20,1,Appendix A allocation; not payment; scholarships excluded
2026/27,BBC,Towneley Hall Museum and Art Gallery,5000,5000,S20,1,Appendix A allocation; not payment; scholarships excluded
2026/27,Mechanics,Mechanics Theatre – Mechanics Programme Development,5000,5000,S20,1,Appendix A allocation; not payment; scholarships excluded
2026/27,Voluntary,Building Bridges Burnley,1000,500,S20,2,Appendix A allocation; not payment; scholarships excluded
2026/27,Voluntary,352 Burnley Air Cadets,3000,1500,S20,2,Appendix A allocation; not payment; scholarships excluded
2026/27,Voluntary,Burnley Film Makers,500,250,S20,2,Appendix A allocation; not payment; scholarships excluded
2026/27,Voluntary,0208 CIC Burnley Beats,1980,0,S20,2,Appendix A allocation; not payment; scholarships excluded
2026/27,Voluntary,Burnley Light Opera Society,3000,1500,S20,2,Appendix A allocation; not payment; scholarships excluded
2026/27,Voluntary,Burnley Municipal Choir,3000,1500,S20,2,Appendix A allocation; not payment; scholarships excluded
2026/27,Voluntary,Burnley Symphony Orchestra,1200,1000,S20,2,Appendix A allocation; not payment; scholarships excluded
2026/27,Voluntary,Scott Robertson,1500,0,S20,2,Appendix A allocation; not payment; scholarships excluded
2026/27,Voluntary,Garrick Theatre,3150,1000,S20,2,Appendix A allocation; not payment; scholarships excluded
2026/27,Voluntary,Mid Pennine Arts,2000,1000,S20,2,Appendix A allocation; not payment; scholarships excluded
2026/27,Voluntary,Sion Baptist Church,3000,1000,S20,2,Appendix A allocation; not payment; scholarships excluded
2026/27,Voluntary,St Peter’s CE Primary School,3625,1000,S20,2,Appendix A allocation; not payment; scholarships excluded
2026/27,Voluntary,St Peter’s Church – Saturday Morning Concert Committee,700,500,S20,2,Appendix A allocation; not payment; scholarships excluded
2026/27,Voluntary,St Peter’s Young Singers,550,500,S20,2,Appendix A allocation; not payment; scholarships excluded
2026/27,Voluntary,Burnley Empire Trust,3700,0,S20,2,Appendix A allocation; not payment; scholarships excluded
2026/27,Voluntary,Burnley Youth Theatre,2797,1250,S20,2,Appendix A allocation; not payment; scholarships excluded
2026/27,Voluntary,"Liz Robertson, presenter Radio Burnley",1250,0,S20,2,Appendix A allocation; not payment; scholarships excluded
2026/27,Voluntary,Playground Proms,300,0,S20,2,Appendix A allocation; not payment; scholarships excluded
2026/27,Voluntary,Gawthorpe Hall,1000,500,S20,2,Appendix A allocation; not payment; scholarships excluded
